venue,conf_result_name,conf_result_rank,journal_result_name,journal_result_rank
"2022 International Conference on Computing, Electronics &amp; Communications Engineering (iCCECE)",,,,
2022 IEEE 19th International Conference on Software Architecture Companion (ICSA-C),,,,
Journal of Web Engineering,,,,
2022 IEEE International Conference on Service-Oriented System Engineering (SOSE),,,,
,,,,
Joint Conference on Artificial Intelligence (IJCAI-22),,,,
,,,,
Journal of Object Technology,,,,
,,,,
Journal of Engineering Management and Competitiveness (JEMC),,,,
,,,,
European Conference on Software Process Improvement,,,,
ECSA’21: Doctoral Symposium,,,,
2021 IEEE/ACM 29th International Conference on Program Comprehension (ICPC),,,,
,,,,
International Conference on Software Technologies,,,,
2021 20th International Symposium INFOTEH-JAHORINA (INFOTEH),,,,
EASE 2021: Evaluation and Assessment in Software Engineering,,,,
2021 8th International Conference on Dependable Systems and Their Applications (DSA),,,,
2021 47th Euromicro Conference on Software Engineering and Advanced Applications (SEAA),,,,
Pro Cloud Native Java EE Apps,,,,
2022 IEEE International Conference on Service-Oriented System Engineering (SOSE),,,,
Journal of Software: Practice and Experience,,,,
ESEC/FSE 2021: Proceedings of the 29th ACM Joint Meeting on European Software Engineering Conference and Symposium on the Foundations of Software Engineering,,,,
,,,,
,,,,
Handbook of Re-Engineering Software Intensive Systems into Software Product Lines,,,,
2021 Second International Conference on Information Systems and Software Technologies (ICI2ST),,,,
European Conference on Software Process Improvement,,,,
2022 IEEE International Conference on Web Services (ICWS),,,,
2021 IEEE International Conference on Services Computing (SCC),,,,
,,,,
,,,,
International Journal of Innovations in Science & Technology,,,,
PeerJ Computer Science,,,,
2022 IEEE 2nd International Conference on Software Engineering and Artificial Intelligence (SEAI),,,,
Software and Systems Modeling volume,,,,
International Conference on Applied Informatics,,,,
International Conference on Applied Informatics,,,,
,,,,
"SBCARS '21: 15th Brazilian Symposium on Software Components, Architectures, and Reuse",,,,
2022 International Conference on Computer Science and Software Engineering (CSASE),,,,
Information and Software Technology,,,,
IEEE Access,,,,
"2021 IEEE International Conference on Software Analysis, Evolution and Reengineering (SANER)",,,,
IEEE Transactions on Parallel and Distributed Systems,,,,
,,,,
,,,,
Cluster Computing (2022),,,,
Applied Sciences,,,,
Journal of Software: Practice and Experience,,,,
International journal of electrical and computer engineering systems,,,,
International Conference on Information and Software Technologies,,,,
Next-Gen Digital Services. A Retrospective and Roadmap for Service Computing of the Future,,,,
"International Conference on Cooperative Design, Visualization and Engineering",,,,
ICSCA 2022: 2022 11th International Conference on Software and Computer Applications,,,,
,,,,
2022 IEEE 19th International Conference on Software Architecture Companion (ICSA-C),,,,
ICSCA 2022: 2022 11th International Conference on Software and Computer Applications,,,,
2021 IEEE International Symposium on Software Reliability Engineering Workshops (ISSREW),,,,
ICSE-SEIP '22: Proceedings of the 44th International Conference on Software Engineering: Software Engineering in Practice,,,,
Doctoral thesis,,,,
Journal of Software: Practice and Experience,,,,
Proceedings of Second International Conference on Advances in Computer Engineering and Communication Systems,,,,
Journal of Systems Architecture,,,,
2022 IEEE 19th International Conference on Software Architecture (ICSA),,,,
International Conference on Computational Science and Its Applications,,,,
2022 5th Conference on Cloud and Internet of Things (CIoT),,,,
SoftwareX,,,,
2022 IEEE International Parallel and Distributed Processing Symposium (IPDPS),,,,
International Conference on Hybrid Intelligent Systems,,,,
Journal of Information Science and Engineering,,,,
"2022 IEEE 23rd International Symposium on a World of Wireless, Mobile and Multimedia Networks (WoWMoM)",,,,
IEEE Transactions on Network and Service Management,,,,
"Proceedings of the AAAI Conference on Artificial Intelligence, 35(1)",,,,
European Conference on Software Architecture,,,,
,,,,
"SBCARS '21: 15th Brazilian Symposium on Software Components, Architectures, and Reuse",,,,
,,,,
Information and Software Technology,,,,
2022 IEEE 15th International Conference on Cloud Computing (CLOUD),,,,
2022 IEEE 19th International Conference on Software Architecture (ICSA),,,,
2022 IEEE 12th Annual Computing and Communication Workshop and Conference (CCWC),,,,
IEEE Access,,,,
Applied Soft Computing,,,,
"SN Computer Science volume 2, Article number: 374 (2021)",,,,
2021 IEEE 25th International Enterprise Distributed Object Computing Workshop (EDOCW),,,,
SESoS '22: Proceedings of the 10th IEEE/ACM International Workshop on Software Engineering for Systems-of-Systems and Software Ecosystems,,,,
"2021 29th International Symposium on Modeling, Analysis, and Simulation of Computer and Telecommunication Systems (MASCOTS)",,,,
International Conference on Intelligent Systems Design and Applications,,,,
,,,,
2021 16th Iberian Conference on Information Systems and Technologies (CISTI),,,,
"2022 International Conference on Innovative Computing, Intelligent Communication and Smart Electrical Systems (ICSES)",,,,
Software and Systems Modeling volume,,,,
NAI '22: Proceedings of the ACM SIGCOMM Workshop on Network-Application Integration,,,,
"Journal of Pharmaceutical Negative Results, 1527–1535. ",,,,
ESEM '21: Proceedings of the 15th ACM / IEEE International Symposium on Empirical Software Engineering and Measurement (ESEM),,,,
,,,,
Symmetry,,,,
"Book: ECPPM 2021 - eWork and eBusiness in Architecture, Engineering and Construction",,,,
,,,,
(link doesnt work),,,,
2022 IEEE 19th International Conference on Software Architecture (ICSA),,,,
Empirical Software Engineering,,,,
Service Oriented Computing and Applications volume 1,,,,
,,,,
2021 IEEE International Conference on Web Services (ICWS),,,,
"Journal of Pharmaceutical Negative Results, 1536–1547. ",,,,
,,,,
,,,,
,,,,
Journal of Central South University volume,,,,
Cloud-Based Microservices,,,,
Journal of Information Science and Engineering ,,,,
"Proceedings of the 25th World Multi-Conference on Systemics, Cybernetics and Informatics (WMSCI 2021)",,,,
2022 International Conference on Computer Science and Software Engineering (CSASE),,,,
2022 International Conference on Computer Science and Software Engineering (CSASE),,,,
Proceedings of SAI Intelligent Systems Conference,,,,
International Journal of Communication Networks and Distributed Systems,,,,
International Conference on Model-Driven Engineering and Software Development,,,,
BENEVOL’22: The 21st Belgium-Netherlands Software Evolution Workshop,,,,
Thesis?,,,,
SBLP '21: Proceedings of the 25th Brazilian Symposium on Programming Languages,,,,
ESEC/FSE 2022: Proceedings of the 30th ACM Joint European Software Engineering Conference and Symposium on the Foundations of Software Engineering,,,,
,,,,
International Workshop on Gerontechnology,,,,
"2022 IEEE 6th Advanced Information Technology, Electronic and Automation Control Conference (IAEAC )",,,,
Software Quality Journal ,,,,
,,,,
Empirical Software Engineering,,,,
2021 International Conference Automatics and Informatics (ICAI),,,,
e-Informatica Software Engineering Journal,,,,
ICSME,,,,
,,,,
,,,,
Book: Design Innovation and Network Architecture for the Future Internet,,,,
Smart Computing Techniques and Applications,,,,
,,,,
ACM Transactions on Software Engineering and Methodology,,,,
PeerJ Computer Science,,,,
Empirical Software Engineering volume,,,,
,,,,
International Journal of Software Engineering and Knowledge Engineering,,,,
,,,,
,,,,
Journal of Software: Evaluation and Process,,,,
Information and Software Technology,,,,
2021 ACM/IEEE International Conference on Model Driven Engineering Languages and Systems Companion (MODELS-C),,,,
ICSEA 2021 : The Sixteenth International Conference on Software Engineering Advances,,,,
2021 IEEE 18th International Conference on Software Architecture Companion (ICSA-C),,,,
"2021 IEEE International Conferences on Internet of Things (iThings) and IEEE Green Computing &amp; Communications (GreenCom) and IEEE Cyber, Physical &amp; Social Computing (CPSCom) and IEEE Smart Data (SmartData) and IEEE Congress on Cybermatics (Cybermatics)",,,,
,,,,
IEEE Access,,,,
Empirical Software Engineering volume ,,,,
,,,,
Computer Networks,,,,
2021 28th Asia-Pacific Software Engineering Conference (APSEC),,,,
,,,,
,,,,
Sensors,,,,
ICPE '22: Proceedings of the 2022 ACM/SPEC on International Conference on Performance Engineering,,,,
,,,,
IEEE Network,,,,
,,,,
Journal of Ambient Intelligence and Humanized Computing volume,,,,
International Conference on Intelligent Systems Design and Applications,,,,
Journal of Software: Evaluation and Process,,,,
,,,,
,,,,
,,,,
PeerJ Computer Science,,,,
"2021 12th International Conference on Information, Intelligence, Systems &amp; Applications (IISA)",,,,
"Proceedings Volume 12088, 17th International Symposium on Medical Information Processing and Analysis",,,,
International Research Journal of Modernization in Engineering Technology and Science,,,,
ORIGINAL ARTICLE Journal Section,,,,
,,,,
Safety and Security of Cyber-Physical Systems,,,,
,,,,
,,,,
,,,,
International Conference on Advanced Informatics for Computing Research,,,,
Pro Microservices in .NET 6,,,,
(not sure - slides),,,,
Applied Sciences,,,,
(not sure - venue not in english?),,,,
Master thesis,,,,
(not sure - venue not in english?),,,,
2021 IEEE Pune Section International Conference (PuneCon),,,,
,,,,
SoCC '22: Proceedings of the 13th Symposium on Cloud Computing,,,,
International Conference on Database and Expert Systems Applications,,,,
,,,,
Applied Sciences,,,,
Threat Intelligence Analytical Software. UNSPECIFIED. (Unpublished),,,,
,,,,
,,,,
2021 IEEE International Conference on Services Computing (SCC),,,,
Future Generation Computer Systems,,,,
EASE '22: Proceedings of the International Conference on Evaluation and Assessment in Software Engineering 2022,,,,
,,,,
Journal of Information Systems and Telecommunication (JIST),,,,
Symmetry,,,,
European Conference on Software Architecture,,,,
2022 IEEE 19th International Conference on Software Architecture (ICSA),,,,
MEDES '21: Proceedings of the 13th International Conference on Management of Digital EcoSystems,,,,
Proceedings of the Design Society,,,,
SBSI 2021: XVII Brazilian Symposium on Information Systems,,,,
2021 IEEE International Conference on Web Services (ICWS),,,,
,,,,
Fraunhofer IESE,,,,
European Academic Research Consortium,,,,
,,,,
Journal of Systems and Software,,,,
,,,,
Journal of Systems and Software,,,,
Journal of Software: Evaluation and Process,,,,
"Computing volume 104, pages73–93 (2022)",,,,
The International journal of analytical and experimental modal analysis,,,,
2022 IEEE International Conference on Autonomic Computing and Self-Organizing Systems (ACSOS),,,,
Sensors,,,,
2022 Conference on Information Communications Technology and Society (ICTAS),,,,
,,,,
Journal of Grid Computing volume,,,,
AMIA Jt Summits Transational Science,,,,
,,,,
(slide incomplete),,,,
Information and Software Technology,,,,
,,,,
2021 IEEE 12th International Conference on Software Engineering and Service Science (ICSESS),,,,
Journal of Software: Practice and Experience,,,,
2021 IEEE 18th International Conference on Software Architecture (ICSA),,,,
"2022 IEEE 46th Annual Computers, Software, and Applications Conference (COMPSAC)",,,,
,,,,
Journal of Systems and Software,,,,
European Research Studies Journal,,,,
,,,,
13th ZEUS Workshop,,,,
,,,,
IEEE Access,,,,
,,,,
,,,,
CPITS-II-2021: Cybersecurity Providing in Information and Telecommunication Systems,,,,
Journal of Cloud Computing volume ,,,,
,,,,
,,,,
,,,,
IEEE 18th International Conference on eScience,,,,
Applied Sciences,,,,
SN Computer Science ,,,,
,,,,
,,,,
"Journal of Web Engineering,",,,,
2022 International Conference on Science and Technology (ICOSTECH),,,,
,,,,
,,,,
Proceedings of Seventh International Congress on Information and Communication Technology,,,,
,,,,
"2021 International Conference on Smart Applications, Communications and Networking (SmartNets)",,,,
,,,,
Proceedings of the Future Technologies Conference,,,,
,,,,
Information and Software Technology,,,,
,,,,
"European, Mediterranean, and Middle Eastern Conference on Information Systems",,,,
,,,,
,,,,
IEEE Access,,,,
Book - Safety and Security of Cyber-Physical Systems,,,,
,,,,
,,,,
,,,,
,,,,
,,,,
"2021 12th International Conference on Information, Intelligence, Systems &amp; Applications (IISA)",,,,
2022 IFIP Networking Conference (IFIP Networking),,,,
,,,,
IEEE Transactions on Cloud Computing,,,,
,,,,
Cluster Computing,,,,
2021 8th International Conference on Dependable Systems and Their Applications (DSA),,,,
International Conference on Service-Oriented Computing,,,,
,,,,
,,,,
,,,,
APNet 2021: 5th Asia-Pacific Workshop on Networking (APNet 2021),,,,
SBSI 2021: XVII Brazilian Symposium on Information Systems,,,,
Second International Workshop on Model-driven Engineering for Software Architecture,,,,
International Journal of Software Engineering and Knowledge Engineering,,,,
,,,,
"International Conference on Networking, Intelligent Systems and Security",,,,
GPCE 2021: Proceedings of the 20th ACM SIGPLAN International Conference on Generative Programming: Concepts and Experiences,,,,
,,,,
Journal of Systems Research,,,,
Journal of Systems Research,,,,
,,,,
,,,,
,,,,
IOP Conference Series: Earth and Environmental Science,,,,
"(To appear in: International Journal of Software Engineering and
Knowledge Engineering)",,,,
2022 China International Conference on Electricity Distribution (CICED),,,,
 ,,,,
CoNEXT '21: Proceedings of the 17th International Conference on emerging Networking EXperiments and Technologies,,,,
 ,,,,
Book: Devops Handbook,,,,
Book: TEAM TOPOLOGIES,,,,
,,,,
,,,,
"Software Engineering in IoT, Big Data, Cloud and Mobile Computing",,,,
"International Journal of Service Science, Management, Engineering, and Technology (IJSSMET)",,,,
Book: Cloud Native DevOps: Migrating from Monoliths to Microservices,,,,
2022 IEEE International Conference on Web Services (ICWS),,,,
,,,,
2021 International Conference on Engineering and Emerging Technologies (ICEET),,,,
2021 IEEE/ACM International Workshop on Cloud Intelligence (CloudIntelligence),,,,
Peer-to-Peer Networking and Applications,,,,
Journal of Software: Practice and Experience,,,,
Software: Practice and Experience,,,,
2021 IEEE/ACM 29th International Conference on Program Comprehension (ICPC),,,,
2021 Moratuwa Engineering Research Conference (MERCon),,,,
Applied Sciences,,,,
International Conference on Web Engineering,,,,
Journal of Systems and Software,,,,
,,,,
International Conference on Service-Oriented Computing,,,,
Proceedings of the European Univer- sity Information Systems Conference 2021,,,,
International Conference on Theory and Practice of Digital Libraries,,,,
,,,,
,,,,
,,,,
2021 36th IEEE/ACM International Conference on Automated Software Engineering (ASE),,,,
,,,,
Technology Conference on Performance Evaluation and Benchmarking,,,,
IEEE Software,,,,
2022 IEEE 19th International Conference on Software Architecture (ICSA),,,,
Information and Software Technology,,,,
Software,,,,
Journal of Systems and Software,,,,
,,,,
"2021 IEEE International Conference on Software Analysis, Evolution and Reengineering (SANER)",,,,
ICPC '22: Proceedings of the 30th IEEE/ACM International Conference on Program Comprehension,,,,
2022 5th World Symposium on Communication Engineering (WSCE),,,,
Journal of Software: Evaluation and Process,,,,
SAC '21: Proceedings of the 36th Annual ACM Symposium on Applied Computing,,,,
"2022 IEEE International Conference on Software Analysis, Evolution and Reengineering (SANER)",,,,
,,,,
International Conference on Product-Focused Software Process Improvement,,,,
(cannot access link),,,,
International Conference on Service-Oriented Computing,,,,
SBSI: XVIII Brazilian Symposium on Information Systems,,,,
,,,,
IOP Conference Series: Materials Science and Engineering,,,,
Software Quality Journal volume ,,,,
IET Communications,,,,
2022: Anais do XVIII Simpósio Brasileiro de Sistemas de Informação,,,,
,,,,
,,,,
Journal of Responsible Technology,,,,
Master thesis,,,,
2022 IEEE 15th International Conference on Cloud Computing (CLOUD),,,,
,,,,
2022 11th International Conference on Modern Circuits and Systems Technologies (MOCAST),,,,
Journal of Electronics & Information Technology  ,,,,
2022 Cybernetics &amp; Informatics (K&amp;I),,,,
International Journal of Engineering Trends and Technology,,,,
International Journal of Computers and Applications ,,,,
2022 2nd International Conference on Advanced Research in Computing (ICARC),,,,
,,,,
ESSE 2021: 2021 2nd European Symposium on Software Engineering,,,,
"2021 International Conference Advancement in Data Science, E-learning and Information Systems (ICADEIS)",,,,
IEEE Internet of Things Journal,,,,
IEEE Access,,,,
EPLF Scientific Publication,,,,
,,,,
,,,,
submitted to the Research Group Software Construction,,,,
,,,,
,,,,
Applied Sciences,,,,
,,,,
Expert Systems,,,,
2022 IEEE 13th International Conference on Software Engineering and Service Science (ICSESS),,,,
Journal of Software: Practice and Experience,,,,
2022 IEEE Symposium on High-Performance Interconnects (HOTI),,,,
2021 IEEE International Conference on Software Maintenance and Evolution (ICSME),,,,
,,,,
ECSA2021 Companion Volume,,,,
,,,,
,,,,
ICST 2022,,,,
"The Journal of Defense Modeling and Simulation: Applications, Methodology, Technology",,,,
Master’s thesis,,,,
2021 IFIP/IEEE International Symposium on Integrated Network Management (IM),,,,
CAPSTONE PROJECT REPORT,,,,
,,,,
Future Internet,,,,
Future Internet,,,,
Submitted to the Journal of Systems Research (JSys),,,,
Journal of Systems Research (JSys),,,,
Journal of Systems Research (JSys),,,,
IEEE Transactions on Parallel and Distributed Systems,,,,
,,,,
,,,,
IEEE Access,,,,
IEEE Transactions on Services Computing,,,,
2022 18th International Conference on Intelligent Environments (IE),,,,
2022 IEEE International Conference on Services Computing (SCC),,,,
ACM Transactions on Internet Technology,,,,
,,,,
SIGIR '22: Proceedings of the 45th International ACM SIGIR Conference on Research and Development in Information Retrieval,,,,
Frontiers of Computer Science volume,,,,
Frontiers of Computer Science volume ,,,,
IEEE Transactions on Network and Service Management,,,,
IEEE Transactions on Vehicular Technology,,,,
2021 IEEE 18th International Conference on Software Architecture (ICSA),,,,
2022 1st International Conference on Information System &amp; Information Technology (ICISIT),,,,
"2021 IEEE 45th Annual Computers, Software, and Applications Conference (COMPSAC)",,,,
IEEE Transactions on Network and Service Management,,,,
2021 IEEE International Parallel and Distributed Processing Symposium (IPDPS),,,,
International Conference on Advanced Information Systems Engineering,,,,
"2022 IEEE 46th Annual Computers, Software, and Applications Conference (COMPSAC)",,,,
International Conference on Innovative Computing and Communications,,,,
IEEE Software,,,,
"Proceedings of 3rd International Conference on Machine Learning, Advances in Computing, Renewable Energy and Communication",,,,
2022 IEEE International Conference on Service-Oriented System Engineering (SOSE),,,,
2022 19th International Joint Conference on Computer Science and Software Engineering (JCSSE),,,,
Cluster Computing volume,,,,
Journal of Network and Systems Management volume,,,,
"2021 29th International Symposium on Modeling, Analysis, and Simulation of Computer and Telecommunication Systems (MASCOTS)",,,,
IEEE Access,,,,
Pro Microservices in .NET 6,,,,
EPIA Conference on Artificial Intelligence,,,,
IOT with Smart Systems,,,,
"2021 IEEE 45th Annual Computers, Software, and Applications Conference (COMPSAC)",,,,
ACM SE '22: Proceedings of the 2022 ACM Southeast Conference,,,,
World Wide Web volume ,,,,
,,,,
,,,,
,,,,
Pro Microservices in .NET 6,,,,
Practical Event-Driven Microservices Architecture,,,,
2021 International Symposium on Software Engineering for Adaptive and Self-Managing Systems (SEAMS),,,,
Book: Practical Event-Driven Microservices Architecture,,,,
2022 23rd International Carpathian Control Conference (ICCC),,,,
2021 IEEE/ACS 18th International Conference on Computer Systems and Applications (AICCSA),,,,
Journal of Ambient Intelligence and Humanized Computing ,,,,
International Conference on the Quality of Information and Communications Technology,,,,
International Conference on Service-Oriented Computing,,,,
Cloud Native Architecture and Design,,,,
2021 9th International Conference in Software Engineering Research and Innovation (CONISOFT),,,,
International Conference on Service-Oriented Computing,,,,
Cluster Computing volume,,,,
Cloud Native Architecture and Design,,,,
International Conference on Artificial Intelligence and Security,,,,
,,,,
Cloud-Based Microservices,,,,
Book : Azure Kubernetes Services with Microservices,,,,
IEEE Communications Magazine,,,,
2021 IEEE/ACM 43rd International Conference on Software Engineering: Software Engineering in Practice (ICSE-SEIP),,,,
International Conference on Applied Technologies,,,,
2022 23rd Asia-Pacific Network Operations and Management Symposium (APNOMS),,,,
,,,,
ESEC/FSE 2021: Proceedings of the 29th ACM Joint Meeting on European Software Engineering Conference and Symposium on the Foundations of Software Engineering,,,,
International Conference on Product-Focused Software Process Improvement,,,,
Pro Java Microservices with Quarkus and Kubernetes,,,,
IEEE Transactions on Industrial Informatics,,,,
International Conference on Advanced Information Networking and Applications,,,,
,,,,
"Cloud-Based Microservices
",,,,
SAC '22: Proceedings of the 37th ACM/SIGAPP Symposium on Applied Computing,,,,
Journal of the Brazilian Computer Society volume,,,,
"Advances in Deep Learning, Artificial Intelligence and Robotics",,,,
,,,,
SN Computer Science ,,,,
ACM Computing Surveys,,,,
Banking 4.0,,,,
International Scientific and Technical Conference - Modern Challenges in Telecommunications,,,,
ACM Computing Surveys,,,,
Kubernetes Application Developer,,,,
Practical Event-Driven Microservices Architecture,,,,
2021 IEEE International Conference on Services Computing (SCC),,,,
2021 IEEE/ACM 1st Workshop on AI Engineering - Software Engineering for AI (WAIN),,,,
USENIX ATC '22,,,,
"European, Mediterranean, and Middle Eastern Conference on Information Systems",,,,
NOMS 2022-2022 IEEE/IFIP Network Operations and Management Symposium,,,,
2021 IEEE International Conference on Service-Oriented System Engineering (SOSE),,,,
Book- Kubernetes Application Developer,,,,
Book- Hands on guide to AgileOps,,,,
2021 IEEE 6th International Conference on Smart Cloud (SmartCloud),,,,
Part of the Advanced Studies in E-Commerce book series (ASEC),,,,
Book - Cloud native architecture design,,,,
European Conference on Software Architecture,,,,
Physical and Engineering Sciences in Medicine,,,,
IEEE Access,,,,
Part of the Lecture Notes in Business Information Processing book series,,,,
2021 36th IEEE/ACM International Conference on Automated Software Engineering (ASE),,,,
Journal of Grid Computing volume,,,,
2022 Cybernetics &amp; Informatics (K&amp;I),,,,
ISSTA 2021: Proceedings of the 30th ACM SIGSOFT International Symposium on Software Testing and Analysis,,,,
,,,,
Informatik Spektrum volume ,,,,
2022 IEEE International Systems Conference (SysCon),,,,
2021 IEEE International Conference on Web Services (ICWS),,,,
Cloud-Native Microservices with Apache Pulsar,,,,
,,,,
,,,,
Journal of Grid Computing volume ,,,,
"
International Conference on Human-Computer Interaction",,,,
IEEE Access,,,,
Cloud Native Architecture and Design,,,,
Empirical Software Engineering ,,,,
ACM Transactions on Management Information Systems,,,,
Successfully Managing S/4HANA Projects,,,,
Electronic Markets volume,,,,
The Journal of Supercomputing volume 7,,,,
IEEE Internet of Things Journal,,,,
Domain-Driven Laravel,,,,
Applied Data Science Using PySpark,,,,
Business & Information Systems Engineering volume ,,,,
International Conference on Service-Oriented Computing,,,,
IFIP International Conference on Product Lifecycle Management,,,,
2022 IEEE Symposium on Computers and Communications (ISCC),,,,
2022 8th International Conference on Advanced Computing and Communication Systems (ICACCS),,,,
IEEE Internet of Things Journal,,,,
IEEE Transactions on Software Engineering,,,,
Book: Big Data and Artificial Intelligence in Digital Finance,,,,
Technologies and Applications for Big Data Value ,,,,
2021 3rd Conference on Blockchain Research &amp; Applications for Innovative Networks and Services (BRAINS),,,,
The Journal of Supercomputing (2022),,,,
USENIX ATC '22,,,,
2022 IEEE 5th International Conference on Industrial Cyber-Physical Systems (ICPS),,,,
Pro Database Migration to Azure,,,,
IEEE Network,,,,
2021 IEEE International Conference on Internet of Things and Intelligence Systems (IoTaIS),,,,
IEEE Access,,,,
IEEE Access,,,,
IEEE Access,,,,
Software and Systems Modeling volume,,,,
IEEE Internet of Things Journal,,,,
Advance Concepts of Image Processing and Pattern Recognition,,,,
Book - Mastering Azure API Management,,,,
International Conference on Reliability and Statistics in Transportation and Communication,,,,
Cloud Native Architecture and Design,,,,
International Conference on Business Process Management,,,,
Banking 4.0,,,,
Entrepreneurial Connectivity,,,,
ODI '22,,,,
2021 IEEE Third International Conference on Cognitive Machine Intelligence (CogMI),,,,
IEEE Access,,,,
"IEEE Access, 2022",,,,
,,,,
IEEE Transactions on Cloud Computing,,,,
IEEE Transactions on Network and Service Management,,,,
IEEE Transactions on Services Computing,,,,
Interoperability of Heterogeneous IoT Platforms,,,,
IEEE INFOCOM 2022 - IEEE Conference on Computer Communications Workshops (INFOCOM WKSHPS),,,,
Cluster Computing (2022,,,,
Book: Kubernetes Native Development,,,,
ACM Computing Surveys,,,,
Book: Deploy Machine Learning Models to Production,,,,
,,,,
International Conference on Web Engineering,,,,
IEEE Access,,,,
International Conference on Service-Oriented Computing,,,,
USENIX ATC '22,,,,
Book: Dynamics in Logistics,,,,
IEEE Internet of Things Journal,,,,
Become ITIL® 4 Foundation Certified in 7 Days,,,,
"2022 22nd IEEE International Symposium on Cluster, Cloud and Internet Computing (CCGrid)",,,,
"2022 12th International Conference on Cloud Computing, Data Science &amp; Engineering (Confluence)",,,,
IEEE Access,,,,
Software and Systems Modeling volume ,,,,
International Journal of Automation and Computing volume ,,,,
Book: Hands-on AIOps,,,,
IEEE Transactions on Network and Service Management,,,,
"Book: Link Technology
to Your LongTerm Business
Goals",,,,
Book: Multimedia Cloud Computing Systems,,,,
Book: Handbook Digital Farming pp 109–189,,,,
Book: Masterclass Enterprise Architecture Management,,,,
Book: How Open Source Ate Software,,,,
Book: Practical C++ Design pp 231–262,,,,
ACM Computing Surveys,,,,
ASPLOS '22: Proceedings of the 27th ACM International Conference on Architectural Support for Programming Languages and Operating Systems,,,,
2022 IEEE 15th International Conference on Cloud Computing (CLOUD),,,,
Proceedings of the International Scientific Conference “Smart Nations: Global Trends In The Digital Economy”,,,,
,,,,
"2021 International Conference on Intelligent Computing, Automation and Systems (ICICAS)",,,,
2021 IEEE 25th International Enterprise Distributed Object Computing Conference (EDOC),,,,
APSys '21: Proceedings of the 12th ACM SIGOPS Asia-Pacific Workshop on Systems,,,,
2022 2nd International Conference on Intelligent Technologies (CONIT),,,,
IT Professional,,,,
"Emerging Research in Computing, Information, Communication and Applications",,,,
Applied Intelligence (2022,,,,
IEEE Transactions on Network and Service Management,,,,
International Conference on Advanced Intelligent Systems and Informatics,,,,
2021 47th Euromicro Conference on Software Engineering and Advanced Applications (SEAA),,,,
Introducing Microsoft Orleans,,,,
2021 5th International Symposium on Multidisciplinary Studies and Innovative Technologies (ISMSIT),,,,
Pro Microservices in .NET 6,,,,
2021 IEEE Global Communications Conference (GLOBECOM),,,,
2021 IEEE/ACM 3rd International Workshop on Software Engineering for Healthcare (SEH),,,,
ACM Computing Surveys,,,,
Quantum Software Engineering,,,,
Pro Java Microservices with Quarkus and Kubernetes,,,,
IEEE Software,,,,
International Conference on Cloud Computing,,,,
,,,,
2022 IEEE International Conference on Service-Oriented System Engineering (SOSE),,,,
2021 28th Asia-Pacific Software Engineering Conference (APSEC),,,,
,,,,
IEEE Access,,,,
2021 International Conference on Software Engineering &amp; Computer Systems and 4th International Conference on Computational Science and Information Management (ICSECS-ICOCSIM),,,,
International Conference on Model and Data Engineering,,,,
Beginning Spring Boot 3,,,,
2021 IEEE 14th International Conference on Cloud Computing (CLOUD),,,,
Azure Kubernetes Services with Microservices ,,,,
2021 XLVII Latin American Computing Conference (CLEI),,,,
IEEE Communications Magazine,,,,
2021 IEEE International Conference on Service-Oriented System Engineering (SOSE),,,,
International Conference on Advanced Machine Learning Technologies and Applications,,,,
International Conference on Service-Oriented Computing,,,,
"2022 IEEE 46th Annual Computers, Software, and Applications Conference (COMPSAC)",,,,
"2021 Design, Automation &amp; Test in Europe Conference &amp; Exhibition (DATE)",,,,
IEEE Access,,,,
2022 52nd Annual IEEE/IFIP International Conference on Dependable Systems and Networks (DSN),,,,
2021 IEEE 30th International Conference on Enabling Technologies: Infrastructure for Collaborative Enterprises (WETICE),,,,
,,,,
2021 12th International Conference on Information and Communication Systems (ICICS),,,,
Symposium and Summer School on Service-Oriented Computing,,,,
Workshop on Job Scheduling Strategies for Parallel Processing,,,,
2022 International Conference on Advanced Aspects of Software Engineering (ICAASE),,,,
2022 26th International Conference on Information Technology (IT),,,,
International Conference on Research Challenges in Information Science,,,,
ACM Computing Surveys,,,,
Beginning Scala 3,,,,
Future Intent-Based Networking,,,,
2021 Second International Conference on Electronics and Sustainable Communication Systems (ICESC),,,,
Monitoring Cloud-Native Applications,,,,
2021 IEEE International Conference on Big Data (Big Data),,,,
Compendium on Enterprise Resource Planning,,,,
Symposium and Summer School on Service-Oriented Computing,,,,
IEEE Internet Computing,,,,
,,,,
IEEE Communications Magazine,,,,
International Conference on Service-Oriented Computing,,,,
"2022 International Conference on Computing, Communication, Perception and Quantum Technology (CCPQT)",,,,
The Journal of Supercomputing volume ,,,,
,,,,
2021 IEEE/AIAA 40th Digital Avionics Systems Conference (DASC),,,,
ITNG 2022 19th International Conference on Information Technology-New Generations,,,,
Empirical Software Engineering volume,,,,
USENIX ATC '22,,,,
ASPLOS '21: Proceedings of the 26th ACM International Conference on Architectural Support for Programming Languages and Operating Systems,,,,
Cloud Native Architecture and Design,,,,
2022 9th International Conference on Computing for Sustainable Global Development (INDIACom),,,,
ASPLOS '21: Proceedings of the 26th ACM International Conference on Architectural Support for Programming Languages and Operating Systems,,,,
NOMS 2022-2022 IEEE/IFIP Network Operations and Management Symposium,,,,
ESEM '21: Proceedings of the 15th ACM / IEEE International Symposium on Empirical Software Engineering and Measurement (ESEM),,,,
IEEE Access,,,,
"2021 IEEE Open Conference of Electrical, Electronic and Information Sciences (eStream)",,,,
2022 International Conference on Artificial Intelligence and Computer Information Technology (AICIT),,,,
International Conference on Intelligent Vision and Computing,,,,
Journal of Cloud Computing,,,,
Pro Java Microservices with Quarkus and Kubernetes pp 265–275,,,,
2022 8th International Conference on Advanced Computing and Communication Systems (ICACCS),,,,
Arabian Journal for Science and Engineering,,,,
Journal of Grid Computing ,,,,
European Conference on Software Architecture,,,,
"Mobile Edge Computing
",,,,
Advances in Computing and Network Communications,,,,
2022 International Conference on Inventive Computation Technologies (ICICT),,,,
Colombian Conference on Computing,,,,
2021 IEEE 5th Conference on Energy Internet and Energy System Integration (EI2),,,,
IEEE Transactions on Smart Grid,,,,
SAC '22: Proceedings of the 37th ACM/SIGAPP Symposium on Applied Computing,,,,
IEEE Transactions on Parallel and Distributed Systems,,,,
Automated Software Engineering ,,,,
IEEE Communications Magazine,,,,
,,,,
2021 17th International Conference on Intelligent Environments (IE),,,,
Automated Software Engineering ,,,,
,,,,
Working Conference on Virtual Enterprises,,,,
Practical Event-Driven Microservices Architecture,,,,
Cloud Computing Technology,,,,
IEEE Transactions on Cloud Computing,,,,
"2022 Intermountain Engineering, Technology and Computing (IETC)",,,,
,,,,
ACM Transactions on Internet Technology,,,,
"2021 IEEE 4th Advanced Information Management, Communicates, Electronic and Automation Control Conference (IMCEC)",,,,
2022 International Conference on Electronics and Renewable Systems (ICEARS),,,,
ACM Computing Surveys,,,,
Pro Cloud Native Java EE Apps,,,,
Book: Monitoring Cloud-Native Applications,,,,
Neural Processing Letters,,,,
Book: Monitoring Cloud-Native Applications,,,,
"2022 IEEE Conference on Software Testing, Verification and Validation (ICST)",,,,
Intelligent Computing,,,,
IEEE Communications Surveys &amp; Tutorials,,,,
"2021 IEEE 28th International Conference on High Performance Computing, Data, and Analytics (HiPC)",,,,
ACM Computing Surveys,,,,
CODS-COMAD 2022: 5th Joint International Conference on Data Science &amp; Management of Data (9th ACM IKDD CODS and 27th COMAD),,,,
International Conference on Innovations in Bio-Inspired Computing and Applications,,,,
Autonomous Agents and Multi-Agent Systems volume ,,,,
IEEE Transactions on Cloud Computing,,,,
Book: Systematic Cloud Migration,,,,
Systematic Cloud Migration,,,,
International Conference on Emerging Technologies and Intelligent Systems,,,,
International Conference on Computational Science and Its Applications,,,,
Advances in Data Science and Management,,,,
ACM Computing Surveys,,,,
IEEE Transactions on Network and Service Management,,,,
Technical Building Blocks,,,,
IEEE Transactions on Network and Service Management,,,,
International Conference on Advanced Information Systems Engineering,,,,
SoutheastCon 2021,,,,
IEEE Communications Magazine,,,,
2021 ACM/IEEE International Conference on Model Driven Engineering Languages and Systems Companion (MODELS-C),,,,
2021 IEEE Global Communications Conference (GLOBECOM),,,,
Advanced Computing and Intelligent Technologies,,,,
IEEE Access,,,,
The Digital Transformation of the Automotive Industry,,,,
2021 International Conference on Computer Communications and Networks (ICCCN),,,,
ACM Computing Surveys,,,,
IEEE Transactions on Computers,,,,
XV Multidisciplinary International Congress on Science and Technology,,,,
2021 IEEE Cloud Summit (Cloud Summit),,,,
IEEE Transactions on Industrial Informatics,,,,
IEEE Access,,,,
2022 International Conference on Development and Application Systems (DAS),,,,
Wireless Networks and Industrial IoT,,,,
2021 International Conference on Disruptive Technologies for Multi-Disciplinary Research and Applications (CENTCON),,,,
ESEM '21: Proceedings of the 15th ACM / IEEE International Symposium on Empirical Software Engineering and Measurement (ESEM),,,,
IEEE Internet of Things Journal,,,,
The Journal of Supercomputing volume,,,,
"2021 IEEE International Conference on Software Analysis, Evolution and Reengineering (SANER)",,,,
Book: Cloud Native Architecture Principles,,,,
Book: Demystifying the Azure Well-Architected Framework,,,,
2022 IEEE/AIAA 41st Digital Avionics Systems Conference (DASC),,,,
2021 International Conference on Computer Communications and Networks (ICCCN),,,,
Journal of Network and Systems Management volume ,,,,
SoCC '21: Proceedings of the ACM Symposium on Cloud Computing,,,,
"2021 International Conference on Innovation and Intelligence for Informatics, Computing, and Technologies (3ICT)",,,,
Innovative Data Communication Technologies and Application pp 415–432,,,,
World Wide Web volume,,,,
IEEE Access,,,,
"2021 International Symposium on Networks, Computers and Communications (ISNCC)",,,,
IFIP International Conference on Distributed Applications and Interoperable Systems,,,,
FAST '21,,,,
SAC '21: Proceedings of the 36th Annual ACM Symposium on Applied Computing,,,,
IEEE Transactions on Network and Service Management,,,,
IEEE Transactions on Software Engineering,,,,
ACM Transactions on Intelligent Systems and Technology,,,,
"2021 IEEE 23rd Int Conf on High Performance Computing &amp; Communications; 7th Int Conf on Data Science &amp; Systems; 19th Int Conf on Smart City; 7th Int Conf on Dependability in Sensor, Cloud &amp; Big Data Systems &amp; Application (HPCC/DSS/SmartCity/DependSys)",,,,
Book: Distributed Applications and Interoperable Systems,,,,
IEEE Transactions on Network and Service Management,,,,
IEEE Access,,,,
IEEE Transactions on Services Computing,,,,
Domain-Specific Languages in Practice,,,,
Design and Deploy Azure VMware Solutions,,,,
ACM Computing Surveys,,,,
IEEE Transactions on Dependable and Secure Computing,,,,
IEEE Internet of Things Journal,,,,
IEEE Access,,,,
2021 IEEE/ACM Symposium on Edge Computing (SEC),,,,
Middleware '22: Proceedings of the 23rd conference on 23rd ACM/IFIP International Middleware Conference,,,,
IEEE Access,,,,
Linux System Administration for the 2020s,,,,
IEEE Transactions on Network and Service Management,,,,
Book: Payara Micro Revealed,,,,
,,,,
Book: Next-Gen Digital Services,,,,
2022 IEEE International Conference on Pervasive Computing and Communications Workshops and other Affiliated Events (PerCom Workshops),,,,
"Proceedings of the AAAI Conference on Artificial Intelligence, 35",,,,
Learn Rails 6,,,,
Design and Deploy Microsoft Azure Virtual Desktop,,,,
IEEE Access,,,,
2021 ACM/IEEE 48th Annual International Symposium on Computer Architecture (ISCA),,,,
Book: Beginning gRPC with ASP.NET Core 6,,,,
IEEE INFOCOM 2022 - IEEE Conference on Computer Communications,,,,
2021 IEEE 30th International Symposium on Industrial Electronics (ISIE),,,,
The Journal of Supercomputing,,,,
Towards a Wireless Connected World: Achievements and New Technologies,,,,
2021 IEEE International Symposium on Local and Metropolitan Area Networks (LANMAN),,,,
Domain-Driven Laravel,,,,
Book: Deep-Dive Terraform on Azure,,,,
Book: Decoupled Django,,,,
IEEE Transactions on Software Engineering,,,,
2022 IEEE International Parallel and Distributed Processing Symposium (IPDPS),,,,
,,,,
"SC22: International , 2022 ",,,,
International Conference on the Quality of Information and Communications Technology,,,,
ACM Computing Surveys,,,,
Book: Introducing .NET 6,,,,
Book: Highly-Distributed Systems,,,,
Book: Extending Kubernetes,,,,
,,,,
2022 IEEE International Conference on Service-Oriented System Engineering (SOSE),,,,
2022 IEEE International Conference on Service-Oriented System Engineering (SOSE),,,,
2022 IEEE 35th International System-on-Chip Conference (SOCC),,,,
Proceedings of International Conference on Communication and Computational Technologies,,,,
Journal of Cloud Computing volume ,,,,
IEEE Transactions on Industrial Informatics,,,,
2022 IEEE International Conference on Web Services (ICWS),,,,
Programming and Computer Software volume ,,,,
2021 36th IEEE/ACM International Conference on Automated Software Engineering (ASE),,,,
"2021 IEEE/ACM 21st International Symposium on Cluster, Cloud and Internet Computing (CCGrid)",,,,
European Conference on Software Architecture,,,,
2021 International Research Conference on Smart Computing and Systems Engineering (SCSE),,,,
Cloud Native Architecture and Design,,,,
Information Science and Applications,,,,
SN Computer Science,,,,
European Conference on Software Architecture,,,,
2021 25th International Conference Information Visualisation (IV),,,,
,,,,
2022 31st Conference of Open Innovations Association (FRUCT),,,,
International Conference on Information Technology &amp; Systems,,,,
,,,,
2022 IEEE 15th International Conference on Cloud Computing (CLOUD),,,,
2021 IEEE 3rd International Conference on Computer Science and Educational Informatization (CSEI),,,,
2022 IEEE 15th International Conference on Cloud Computing (CLOUD),,,,
2022 IEEE 15th International Conference on Cloud Computing (CLOUD),,,,
30th USENIX Security Symposium,,,,
2021 3rd International Conference on Advancements in Computing (ICAC),,,,
2021 IEEE 4th International Conference on Knowledge Innovation and Invention (ICKII),,,,
"2021 24th Conference on Innovation in Clouds, Internet and Networks and Workshops (ICIN)",,,,
,,,,
2022 55th IEEE/ACM International Symposium on Microarchitecture (MICRO),,,,
2021 International Conference on Information and Communication Technology Convergence (ICTC),,,,
2022 IEEE 15th International Conference on Cloud Computing (CLOUD),,,,
Innovation in Medicine and Healthcare,,,,
International Conference on Coordination Languages and Models,,,,
2022 IEEE 15th International Conference on Cloud Computing (CLOUD),,,,
"2022 IEEE Conference on Software Testing, Verification and Validation (ICST)",,,,
2022 IEEE International Conference on Cloud Engineering (IC2E),,,,
,,,,
Software Quality Journal,,,,
2022 23rd Asia-Pacific Network Operations and Management Symposium (APNOMS),,,,
2022 IEEE 19th International Conference on Software Architecture Companion (ICSA-C),,,,
2021 International Conference of Modern Trends in Information and Communication Technology Industry (MTICTI),,,,
International Conference on Service-Oriented Computing,,,,
Queue,,,,
,,,,
International Conference on Advanced Information Networking and Applications,,,,
Pro Spring MVC with WebFlux,,,,
Technologies and Applications for Big Data Value ,,,,
International Conference on Intelligent Systems and Pattern Recognition,,,,
ICPE '22: Companion of the 2022 ACM/SPEC International Conference on Performance Engineering,,,,
IEEE Network,,,,
,,,,
,,,,
Practical Event-Driven Microservices Architecture,,,,
Technical Building Blocks,,,,
ACM Transactions on Autonomous and Adaptive Systems,,,,
"The Digital Journey of Banking and Insurance, Volume III",,,,
European Conference on Software Architecture,,,,
IEEE Transactions on Industrial Informatics,,,,
5G Mobile Core Network ,,,,
2022 6th International Conference on Intelligent Computing and Control Systems (ICICCS),,,,
"2021 IEEE/ACM 21st International Symposium on Cluster, Cloud and Internet Computing (CCGrid)",,,,
2021 IEEE Global Communications Conference (GLOBECOM),,,,
"2022 IEEE International Conference on Electronics, Computing and Communication Technologies (CONECCT)",,,,
"Communication, Smart Technologies and Innovation for Society ",,,,
2021 IEEE 18th International Conference on Software Architecture Companion (ICSA-C),,,,
ACM SIGAPP Applied Computing Review,,,,
2021 IEEE 3rd International Conference on Frontiers Technology of Information and Computer (ICFTIC),,,,
IEEE Communications Magazine,,,,
,,,,
AST '22: Proceedings of the 3rd ACM/IEEE International Conference on Automation of Software Test,,,,
IEEE Access,,,,
,,,,
Multimedia Tools and Applications,,,,
IFIP International Conference on Advances in Production Management Systems,,,,
Health and Technology volume ,,,,
2021 36th IEEE/ACM International Conference on Automated Software Engineering (ASE),,,,
2021 IEEE 14th International Conference on Cloud Computing (CLOUD),,,,
2021 IEEE/ACM Symposium on Edge Computing (SEC),,,,
Innovations in Systems and Software Engineering (2021),,,,
"2021 IEEE SmartWorld, Ubiquitous Intelligence &amp; Computing, Advanced &amp; Trusted Computing, Scalable Computing &amp; Communications, Internet of People and Smart City Innovation (SmartWorld/SCALCOM/UIC/ATC/IOP/SCI)",,,,
2022 Systems of Signals Generating and Processing in the Field of on Board Communications,,,,
IEEE Transactions on Industrial Informatics,,,,
International Conference on Product-Focused Software Process Improvement,,,,
International Conference on Web Engineering,,,,
2021 IEEE/ACM 43rd International Conference on Software Engineering: Software Engineering Education and Training (ICSE-SEET),,,,
2021 Joint European Conference on Networks and Communications &amp; 6G Summit (EuCNC/6G Summit),,,,
2021 IEEE/ACM 29th International Conference on Program Comprehension (ICPC),,,,
18th Internacional Conference on Software Architecture Companion (ICSA-C),,,,
2021 IEEE 14th International Conference on Cloud Computing (CLOUD),,,,
2021 IEEE Global Communications Conference (GLOBECOM),,,,
"2021 IEEE 21st International Conference on Software Quality, Reliability and Security Companion (QRS-C)",,,,
ISSTA 2022: Proceedings of the 31st ACM SIGSOFT International Symposium on Software Testing and Analysis,,,,
NOMS 2022-2022 IEEE/IFIP Network Operations and Management Symposium,,,,
Practical Event-Driven Microservices Architecture,,,,
Book: The Definitive Guide to Security in Jakarta EE,,,,
2021 IEEE/ACM 43rd International Conference on Software Engineering: Software Engineering in Practice (ICSE-SEIP),,,,
2021 International Conference on Information Systems and Advanced Technologies (ICISAT),,,,
The Definitive Guide to Security in Jakarta EE,,,,
2021 26th IEEE International Conference on Emerging Technologies and Factory Automation (ETFA ),,,,
International Conference on Intelligent Systems Design and Applications,,,,
IEEE INFOCOM 2021 - IEEE Conference on Computer Communications,,,,
2022 IEEE 8th International Conference on Network Softwarization (NetSoft),,,,
International Conference on Practical Applications of Agents and Multi-Agent Systems,,,,
IEEE Internet Computing,,,,
IEEE Transactions on Cloud Computing,,,,
2021 24th Euromicro Conference on Digital System Design (DSD),,,,
2021 Fifth World Conference on Smart Trends in Systems Security and Sustainability (WorldS4),,,,
2022 IEEE 8th International Conference on Network Softwarization (NetSoft),,,,
2021 IEEE Global Communications Conference (GLOBECOM),,,,
ASPLOS '22: Proceedings of the 27th ACM International Conference on Architectural Support for Programming Languages and Operating Systems,,,,
IEEE Internet of Things Journal,,,,
Business & Information Systems Engineering,,,,
IEEE Transactions on Software Engineering,,,,
IEEE Internet of Things Journal,,,,
,,,,
International Conference on Frontiers in Software Engineering,,,,
International Workshop on Engineering Multi-Agent Systems,,,,
The Journal of Supercomputing,,,,
2021 IFIP/IEEE International Symposium on Integrated Network Management (IM),,,,
Book: Engineering Multi-Agent Systems,,,,
Kubernetes Native Development pp 59–135,,,,
Book: EssentialComputer Science,,,,
Book: Hands-on AIOps pp 19–6,,,,
IEEE Transactions on Circuits and Systems I: Regular Papers,,,,
,,,,
UCC '21: Proceedings of the 14th IEEE/ACM International Conference on Utility and Cloud Computing Companion,,,,
2021 4th IEEE International Conference on Industrial Cyber-Physical Systems (ICPS),,,,
Predictive Maintenance in Smart Factories pp 3–18,,,,
KDD '21: Proceedings of the 27th ACM SIGKDD Conference on Knowledge Discovery &amp; Data Mining,,,,
2022 10th International Symposium on Digital Forensics and Security (ISDFS),,,,
ACM Computing Surveys,,,,
2021 IEEE 25th International Enterprise Distributed Object Computing Workshop (EDOCW),,,,
IEEE Transactions on Cloud Computing,,,,
Communications of the ACM,,,,
MMSys '21: Proceedings of the 12th ACM Multimedia Systems Conference,,,,
IEEE Transactions on Network and Service Management,,,,
Safety and Security of Cyber-Physical Systems,,,,
CCF Transactions on Pervasive Computing and Interaction,,,,
Book: Windows Containers for IT Pros,,,,
Programming and Computer Software,,,,
2021 IEEE/ACM 43rd International Conference on Software Engineering: Software Engineering in Practice (ICSE-SEIP),,,,
,,,,
"2021 24th Conference on Innovation in Clouds, Internet and Networks and Workshops (ICIN)",,,,
Cluster Computing,,,,
2021 IEEE/ACM 43rd International Conference on Software Engineering: Software Engineering in Practice (ICSE-SEIP),,,,
IEEE Transactions on Software Engineering,,,,
"Proceedings of the ACM on Interactive, Mobile, Wearable and Ubiquitous Technologies",,,,
ESEM '22: Proceedings of the 16th ACM / IEEE International Symposium on Empirical Software Engineering and Measurement,,,,
International Conference on Advances in Computing and Data Sciences,,,,
31st USENIX Security Symposium,,,,
Book: Patterns of Software Construction,,,,
OSDI '22,,,,
"2021 17th International Conference on Mobility, Sensing and Networking (MSN)",,,,
ACM SIGSOFT Software Engineering Notes,,,,
2021 7th International Symposium on System and Software Reliability (ISSSR),,,,
,,,,
2022 International Conference on Science and Technology (ICOSTECH),,,,
IEEE Transactions on Industrial Informatics,,,,
IEEE Internet of Things Journal,,,,
Proceedings of Second International Conference on Sustainable Expert Systems ,,,,
ESEC/FSE 2022: Proceedings of the 30th ACM Joint European Software Engineering Conference and Symposium on the Foundations of Software Engineering,,,,
,,,,
IEEE Computer Architecture Letters,,,,
Azure Kubernetes Services with Microservices ,,,,
2021 IEEE 7th International Conference on Collaboration and Internet Computing (CIC),,,,
International Conference on Artificial Intelligence for Smart Community,,,,
2022 IEEE 15th International Conference on Cloud Computing (CLOUD),,,,
International Conference on Advanced Technologies for Humanity,,,,
2021 International Conference on Engineering and Emerging Technologies (ICEET),,,,
2021 2nd International Informatics and Software Engineering Conference (IISEC),,,,
IEEE Internet Computing,,,,
"2022 22nd IEEE International Symposium on Cluster, Cloud and Internet Computing (CCGrid)",,,,
SoCC '21: Proceedings of the ACM Symposium on Cloud Computing,,,,
,,,,
DEBS '21: Proceedings of the 15th ACM International Conference on Distributed and Event-based Systems,,,,
2022 2nd International Conference on Technology Enhanced Learning in Higher Education (TELE),,,,
Journal of Cloud Computing,,,,
"2021 IEEE International Conference on Signal Processing, Communications and Computing (ICSPCC)",,,,
Book: Introducing Distributed Application Runtime (Dapr),,,,
Sustained Simulation Performance 2019 and 2020,,,,
HotNets '21: Proceedings of the Twentieth ACM Workshop on Hot Topics in Networks,,,,
2022 IEEE 6th Information Technology and Mechatronics Engineering Conference (ITOEC),,,,
2021 17th International Conference on Network and Service Management (CNSM),,,,
2022 Third International Conference on Intelligent Computing Instrumentation and Control Technologies (ICICICT),,,,
2022 IEEE International Symposium on Medical Measurements and Applications (MeMeA),,,,
International conference Ecosystems without borders,,,,
ICS '21: Proceedings of the ACM International Conference on Supercomputing,,,,
,,,,
2021 IEEE International Conference on Web Services (ICWS),,,,
IEEE Network,,,,
,,,,
IEEE Transactions on Cloud Computing,,,,
GoodIT '22: Proceedings of the 2022 ACM Conference on Information Technology for Social Good,,,,
,,,,
2021 IEEE 18th Annual Consumer Communications &amp; Networking Conference (CCNC),,,,
IEEE TRANSACTIONS ON CLOUD COMPUTING,,,,
International Conference on Intelligent Transport Systems,,,,
Communications of the ACM,,,,
IEEE Transactions on Software Engineering,,,,
,,,,
International scientific-practical conference,,,,
,,,,
2022 IEEE Aerospace Conference (AERO),,,,
Software and Systems Modeling volume ,,,,
Domain-Driven Laravel,,,,
,,,,
IEEE Transactions on Parallel and Distributed Systems,,,,
Proceedings of SAI Intelligent Systems Conference,,,,
Introducing .NET 6,,,,
"2021 IEEE 45th Annual Computers, Software, and Applications Conference (COMPSAC)",,,,
2022 IEEE International Conference on Service-Oriented System Engineering (SOSE),,,,
Pro Java Microservices with Quarkus and Kubernetes,,,,
"2022 IEEE International Conference on Electronics, Computing and Communication Technologies (CONECCT)",,,,
ICPE '22: Proceedings of the 2022 ACM/SPEC on International Conference on Performance Engineering,,,,
2021 IEEE International Conference on Consumer Electronics and Computer Engineering (ICCECE),,,,
"2021 International Conference on Smart Applications, Communications and Networking (SmartNets)",,,,
2021 International Conference on Computer &amp; Information Sciences (ICCOINS),,,,
,,,,
Pro Cloud Native Java EE Apps,,,,
2022 IEEE International Conference on Services Computing (SCC),,,,
International Conference on Advanced Information Networking and Applications,,,,
2022 International Conference on Information Management and Technology (ICIMTech),,,,
,,,,
2022 2nd International Conference on Intelligent Technologies (CONIT),,,,
2021 IEEE 14th International Conference on Cloud Computing (CLOUD),,,,
International Scientific Conference “Intellectual Systems of Decision Making and Problem of Computational Intelligence” ,,,,
,,,,
"2022 2nd International Mobile, Intelligent, and Ubiquitous Computing Conference (MIUCC)",,,,
"2022 International Conference on Advances in Computing, Communication and Applied Informatics (ACCAI)",,,,
"2022 5th International Conference on Advanced Electronic Materials, Computers and Software Engineering (AEMCSE)",,,,
,,,,
,,,,
Practical Event-Driven Microservices Architecture,,,,
,,,,
Cloud-Based Microservices,,,,
IEEE Network,,,,
Practical Event-Driven Microservices Architecture,,,,
2021 3rd International Conference on Advancements in Computing (ICAC),,,,
Evolutionary Intelligence,,,,
Pro Microservices in .NET 6,,,,
Pro Java Microservices with Quarkus and Kubernetes,,,,
Cyber Security on Azure,,,,
Deploy Machine Learning Models to Production,,,,
Advanced Computing and Systems for Security: Volume 13,,,,
IEEE Network,,,,
Artificial Intelligence Education in the Context of Work   ,,,,
IEEE Software,,,,
,,,,
,,,,
Computer,,,,
2021 International Conference on Computer Communications and Networks (ICCCN),,,,
Next-Gen Digital Services. A Retrospective and Roadmap for Service Computing of the Future,,,,
2022 7th International Conference on Intelligent Computing and Signal Processing (ICSP),,,,
,,,,
,,,,
International Conference on Product-Focused Software Process Improvement,,,,
Wireless Personal Communications volume ,,,,
2021 IEEE 14th International Conference on Cloud Computing (CLOUD),,,,
Microsystem Technologies volume,,,,
"Advances in Software Engineering, Education, and e-Learning",,,,
2022 IEEE 47th Conference on Local Computer Networks (LCN),,,,
Intelligent Technologies for Internet of Vehicles,,,,
Decoupled Django     ,,,,
"International Conference on Broadband Communications, Networks and Systems",,,,
2021 IEEE 2nd International Congress of Biomedical Engineering and Bioengineering (CI-IB&amp;BI),,,,
2022 IEEE International Conference on Edge Computing and Communications (EDGE),,,,
Monitoring Cloud-Native Applications,,,,
2021 International Conference on Computational Science and Computational Intelligence (CSCI),,,,
"International Conference on ICT for Health, Accessibility and Wellbeing",,,,
,,,,
Ernst Denert Award for Software Engineering,,,,
"International Conference on Wireless Algorithms, Systems, and Applications",,,,
International Conference on Computer Vision and Image Processing,,,,
Wireless Networks ,,,,
2022 IEEE 8th International Conference on Network Softwarization (NetSoft),,,,
IEEE Internet of Things Journal,,,,
PLDI 2021: Proceedings of the 42nd ACM SIGPLAN International Conference on Programming Language Design and Implementation,,,,
Cloud Native Architecture and Design,,,,
Cognitive Informatics and Soft Computing,,,,
IEEE Transactions on Services Computing,,,,
Windows Containers for IT Pros,,,,
IEEE Transactions on Automation Science and Engineering,,,,
Book: Cybersecurity of Digital Service Chains,,,,
Emerging Trends in Cybersecurity Applications,,,,
2021 IEEE 15th International Symposium on Applied Computational Intelligence and Informatics (SACI),,,,
IEEE Transactions on Network and Service Management,,,,
Highly-Distributed Systems,,,,
MILCOM 2021 - 2021 IEEE Military Communications Conference (MILCOM),,,,
"2021 International Conference on Innovation and Intelligence for Informatics, Computing, and Technologies (3ICT)",,,,
2022 10th International Conference on Information and Communication Technology (ICoICT),,,,
Book: Microsoft Orleans for Developers,,,,
Principles and Practice of Blockchains,,,,
Book: Big data technologies,,,,
2022 IEEE Aerospace Conference (AERO),,,,
,,,,
,,,,
OSDI '22,,,,
Journal on Data Semantics ,,,,
USENIX ATC '22,,,,
Flexible Sensors for Energy-Harvesting Applications,,,,
,,,,
SOSP '21: Proceedings of the ACM SIGOPS 28th Symposium on Operating Systems Principles,,,,
,,,,
,,,,
Journal of Visualization,,,,
2021 40th International Conference of the Chilean Computer Science Society (SCCC),,,,
2021 China Automation Congress (CAC),,,,